{
    "loss": 0.06296320259571075,
    "accuracy": 0.9807537794113159
}