{
    "loss": 0.055640824139118195,
    "accuracy": 0.9807537794113159
}